{
	"textures": {
		"1": "item/altar_sc/altar"
	},
	"elements": [
		{
			"from": [-2, 12.1, -2],
			"to": [18, 16.1, 18],
			"rotation": {"angle": 0, "axis": "y", "origin": [8, 23, 8]},
			"faces": {
				"north": {"uv": [0, 4.5, 4.5, 5.5], "texture": "#1"},
				"east": {"uv": [0, 4.5, 4.5, 5.5], "texture": "#1"},
				"south": {"uv": [0, 4.5, 4.5, 5.5], "texture": "#1"},
				"west": {"uv": [0, 4.5, 4.5, 5.5], "texture": "#1"},
				"up": {"uv": [0, 0, 4.5, 4.5], "texture": "#1"},
				"down": {"uv": [4.75, 0, 9.25, 4.5], "texture": "#1"}
			}
		},
		{
			"from": [-1, -0.2, -1],
			"to": [2, 12.8, 2],
			"faces": {
				"north": {"uv": [12, 0, 12.75, 3], "texture": "#1"},
				"east": {"uv": [12, 0, 12.75, 3], "texture": "#1"},
				"south": {"uv": [12, 0, 12.75, 3], "texture": "#1"},
				"west": {"uv": [12, 0, 12.75, 3], "texture": "#1"},
				"up": {"uv": [0, 0, 3, 3], "texture": "#missing"},
				"down": {"uv": [13, 2.5, 13.75, 3.25], "texture": "#1"}
			}
		},
		{
			"from": [-1, -0.2, 14],
			"to": [2, 12.8, 17],
			"faces": {
				"north": {"uv": [12, 0, 12.75, 3], "texture": "#1"},
				"east": {"uv": [12, 0, 12.75, 3], "texture": "#1"},
				"south": {"uv": [12, 0, 12.75, 3], "texture": "#1"},
				"west": {"uv": [12, 0, 12.75, 3], "texture": "#1"},
				"up": {"uv": [0, 0, 3, 3], "rotation": 270, "texture": "#missing"},
				"down": {"uv": [13, 2.5, 13.75, 3.25], "rotation": 90, "texture": "#1"}
			}
		},
		{
			"from": [14, -0.2, 14],
			"to": [17, 12.8, 17],
			"faces": {
				"north": {"uv": [12, 0, 12.75, 3], "texture": "#1"},
				"east": {"uv": [12, 0, 12.75, 3], "texture": "#1"},
				"south": {"uv": [12, 0, 12.75, 3], "texture": "#1"},
				"west": {"uv": [12, 0, 12.75, 3], "texture": "#1"},
				"up": {"uv": [0, 0, 3, 3], "rotation": 180, "texture": "#missing"},
				"down": {"uv": [13, 2.5, 13.75, 3.25], "rotation": 180, "texture": "#1"}
			}
		},
		{
			"from": [14, -0.2, -1],
			"to": [17, 12.8, 2],
			"faces": {
				"north": {"uv": [12, 0, 12.75, 3], "texture": "#1"},
				"east": {"uv": [12, 0, 12.75, 3], "texture": "#1"},
				"south": {"uv": [12, 0, 12.75, 3], "texture": "#1"},
				"west": {"uv": [12, 0, 12.75, 3], "texture": "#1"},
				"up": {"uv": [0, 0, 3, 3], "rotation": 90, "texture": "#missing"},
				"down": {"uv": [13, 2.5, 13.75, 3.25], "rotation": 270, "texture": "#1"}
			}
		},
		{
			"from": [2, 15.7, 2],
			"to": [14, 27.7, 14],
			"rotation": {"angle": 0, "axis": "y", "origin": [10, 24, 10]},
			"faces": {
				"north": {"uv": [5, 6.75, 8, 9.75], "texture": "#1"},
				"east": {"uv": [5, 6.75, 8, 9.75], "texture": "#1"},
				"south": {"uv": [5, 6.75, 8, 9.75], "texture": "#1"},
				"west": {"uv": [5, 6.75, 8, 9.75], "texture": "#1"},
				"up": {"uv": [5, 6.75, 8, 9.75], "texture": "#1"},
				"down": {"uv": [0, 0, 12, 12], "texture": "#missing"}
			}
		},
		{
			"from": [6, 8, -5],
			"to": [10, 12, 1],
			"rotation": {"angle": 22.5, "axis": "x", "origin": [8, 12, 8]},
			"faces": {
				"north": {"uv": [10.75, 0, 11.75, 1], "texture": "#1"},
				"east": {"uv": [9.5, 0, 10.5, 1.5], "rotation": 90, "texture": "#1"},
				"south": {"uv": [0, 0, 4, 4], "texture": "#missing"},
				"west": {"uv": [9.5, 0, 10.5, 1.5], "rotation": 270, "texture": "#1"},
				"up": {"uv": [9.5, 0, 10.5, 1.5], "texture": "#1"},
				"down": {"uv": [9.5, 0, 10.5, 1.5], "rotation": 180, "texture": "#1"}
			}
		},
		{
			"from": [-5, 8, 6],
			"to": [1, 12, 10],
			"rotation": {"angle": -22.5, "axis": "z", "origin": [8, 12, 8]},
			"faces": {
				"north": {"uv": [9.5, 0, 10.5, 1.5], "rotation": 90, "texture": "#1"},
				"east": {"uv": [0, 0, 4, 4], "texture": "#missing"},
				"south": {"uv": [9.5, 0, 10.5, 1.5], "rotation": 270, "texture": "#1"},
				"west": {"uv": [10.75, 0, 11.75, 1], "texture": "#1"},
				"up": {"uv": [9.5, 0, 10.5, 1.5], "rotation": 270, "texture": "#1"},
				"down": {"uv": [9.5, 0, 10.5, 1.5], "rotation": 270, "texture": "#1"}
			}
		},
		{
			"from": [6, 8, 15],
			"to": [10, 12, 21],
			"rotation": {"angle": -22.5, "axis": "x", "origin": [8, 12, 8]},
			"faces": {
				"north": {"uv": [0, 0, 4, 4], "texture": "#missing"},
				"east": {"uv": [9.5, 0, 10.5, 1.5], "rotation": 270, "texture": "#1"},
				"south": {"uv": [10.75, 0, 11.75, 1], "texture": "#1"},
				"west": {"uv": [9.5, 0, 10.5, 1.5], "rotation": 90, "texture": "#1"},
				"up": {"uv": [9.5, 0, 10.5, 1.5], "rotation": 180, "texture": "#1"},
				"down": {"uv": [9.5, 0, 10.5, 1.5], "texture": "#1"}
			}
		},
		{
			"from": [15, 8, 6],
			"to": [21, 12, 10],
			"rotation": {"angle": 22.5, "axis": "z", "origin": [8, 12, 8]},
			"faces": {
				"north": {"uv": [9.5, 0, 10.5, 1.5], "rotation": 270, "texture": "#1"},
				"east": {"uv": [10.75, 0, 11.75, 1], "texture": "#1"},
				"south": {"uv": [9.5, 0, 10.5, 1.5], "rotation": 90, "texture": "#1"},
				"west": {"uv": [0, 0, 4, 4], "texture": "#missing"},
				"up": {"uv": [9.5, 0, 10.5, 1.5], "rotation": 90, "texture": "#1"},
				"down": {"uv": [9.5, 0, 10.5, 1.5], "rotation": 90, "texture": "#1"}
			}
		},
		{
			"from": [-1, 4.1, 18],
			"to": [17, 12.1, 18],
			"rotation": {"angle": 0, "axis": "y", "origin": [8, 19, 25]},
			"faces": {
				"north": {"uv": [0.5, 5.75, 4.5, 7.75], "texture": "#1"},
				"east": {"uv": [0, 0, 0, 8], "texture": "#missing"},
				"south": {"uv": [0.5, 5.75, 4.5, 7.75], "texture": "#1"},
				"west": {"uv": [0, 0, 0, 8], "texture": "#missing"},
				"up": {"uv": [0, 0, 16, 0], "texture": "#missing"},
				"down": {"uv": [0, 0, 16, 0], "texture": "#missing"}
			}
		},
		{
			"from": [18, 4.1, -1],
			"to": [18, 12.1, 17],
			"rotation": {"angle": 0, "axis": "y", "origin": [8, 17, 8]},
			"faces": {
				"north": {"uv": [0, 0, 0, 8], "texture": "#missing"},
				"east": {"uv": [0.5, 5.75, 4.5, 7.75], "texture": "#1"},
				"south": {"uv": [0, 0, 0, 8], "texture": "#missing"},
				"west": {"uv": [0.5, 5.75, 4.5, 7.75], "texture": "#1"},
				"up": {"uv": [0, 0, 16, 0], "rotation": 270, "texture": "#missing"},
				"down": {"uv": [0, 0, 16, 0], "rotation": 90, "texture": "#missing"}
			}
		},
		{
			"from": [-1, 4.1, -2],
			"to": [17, 12.1, -2],
			"rotation": {"angle": 0, "axis": "y", "origin": [8, 17, 8]},
			"faces": {
				"north": {"uv": [0.5, 5.75, 4.5, 7.75], "texture": "#1"},
				"east": {"uv": [0, 0, 0, 8], "texture": "#missing"},
				"south": {"uv": [0.5, 5.75, 4.5, 7.75], "texture": "#1"},
				"west": {"uv": [0, 0, 0, 8], "texture": "#missing"},
				"up": {"uv": [0, 0, 16, 0], "rotation": 180, "texture": "#missing"},
				"down": {"uv": [0, 0, 16, 0], "rotation": 180, "texture": "#missing"}
			}
		},
		{
			"from": [-2, 4.1, -1],
			"to": [-2, 12.1, 17],
			"rotation": {"angle": 0, "axis": "y", "origin": [8, 17, 8]},
			"faces": {
				"north": {"uv": [0, 0, 0, 8], "texture": "#missing"},
				"east": {"uv": [0.5, 5.75, 4.5, 7.75], "texture": "#1"},
				"south": {"uv": [0, 0, 0, 8], "texture": "#missing"},
				"west": {"uv": [0.5, 5.75, 4.5, 7.75], "texture": "#1"},
				"up": {"uv": [0, 0, 16, 0], "rotation": 90, "texture": "#missing"},
				"down": {"uv": [0, 0, 16, 0], "rotation": 270, "texture": "#missing"}
			}
		},
		{
			"from": [0, -8, 16.1],
			"to": [16, 0, 16.1],
			"rotation": {"angle": 0, "axis": "y", "origin": [8, 7, 8]},
			"faces": {
				"north": {"uv": [10.75, 4.5, 15, 6.5], "texture": "#1"},
				"east": {"uv": [0, 0, 0, 8], "texture": "#missing"},
				"south": {"uv": [4.5, 4.5, 8.5, 6.5], "texture": "#1"},
				"west": {"uv": [0, 0, 0, 8], "texture": "#missing"},
				"up": {"uv": [0, 0, 0, 16], "rotation": 270, "texture": "#missing"},
				"down": {"uv": [0, 0, 0, 16], "rotation": 90, "texture": "#missing"}
			}
		},
		{
			"from": [16.1, -8, 0],
			"to": [16.1, 0, 16],
			"rotation": {"angle": 0, "axis": "y", "origin": [8, 7, 8]},
			"faces": {
				"north": {"uv": [0, 0, 0, 8], "texture": "#missing"},
				"east": {"uv": [4.5, 4.5, 8.5, 6.5], "texture": "#1"},
				"south": {"uv": [0, 0, 0, 8], "texture": "#missing"},
				"west": {"uv": [10.75, 4.5, 15, 6.5], "texture": "#1"},
				"up": {"uv": [0, 0, 0, 16], "rotation": 180, "texture": "#missing"},
				"down": {"uv": [0, 0, 0, 16], "rotation": 180, "texture": "#missing"}
			}
		},
		{
			"from": [-0.1, -8, 0],
			"to": [-0.1, 0, 16],
			"rotation": {"angle": 0, "axis": "y", "origin": [8, 7, 8]},
			"faces": {
				"north": {"uv": [0, 0, 0, 8], "texture": "#missing"},
				"east": {"uv": [10.75, 4.5, 15, 6.5], "texture": "#1"},
				"south": {"uv": [0, 0, 0, 8], "texture": "#missing"},
				"west": {"uv": [4.5, 4.5, 8.5, 6.5], "texture": "#1"},
				"up": {"uv": [0, 0, 0, 16], "texture": "#missing"},
				"down": {"uv": [0, 0, 0, 16], "texture": "#missing"}
			}
		},
		{
			"from": [0, -8, -0.1],
			"to": [16, 0, -0.1],
			"rotation": {"angle": 0, "axis": "y", "origin": [8, 7, 8]},
			"faces": {
				"north": {"uv": [4.5, 4.5, 8.5, 6.5], "texture": "#1"},
				"east": {"uv": [0, 0, 0, 8], "texture": "#missing"},
				"south": {"uv": [10.75, 4.5, 15, 6.5], "texture": "#1"},
				"west": {"uv": [0, 0, 0, 8], "texture": "#missing"},
				"up": {"uv": [0, 0, 0, 16], "rotation": 90, "texture": "#missing"},
				"down": {"uv": [0, 0, 0, 16], "rotation": 270, "texture": "#missing"}
			}
		},
		{
			"from": [9.2, 16, 8.1],
			"to": [11.2, 17, 10.1],
			"rotation": {"angle": 0, "axis": "y", "origin": [17, 24, 16]},
			"faces": {
				"north": {"uv": [1.75, 10.5, 2.25, 10.75], "texture": "#1"},
				"east": {"uv": [1.75, 10.5, 2.25, 10.75], "texture": "#1"},
				"south": {"uv": [1.75, 10.5, 2.25, 10.75], "texture": "#1"},
				"west": {"uv": [1.75, 10.5, 2.25, 10.75], "texture": "#1"},
				"up": {"uv": [1.75, 10.25, 2.25, 10.75], "texture": "#1"},
				"down": {"uv": [0, 0, 2, 2], "texture": "#missing"}
			}
		}
	],
	"display": {
		"thirdperson_righthand": {
			"scale": [0, 0, 0]
		},
		"thirdperson_lefthand": {
			"scale": [0, 0, 0]
		},
		"firstperson_righthand": {
			"scale": [0, 0, 0]
		},
		"firstperson_lefthand": {
			"scale": [0, 0, 0]
		},
		"ground": {
			"scale": [0, 0, 0]
		},
		"gui": {
			"scale": [0, 0, 0]
		},
		"head": {
			"translation": [0, -20, 0],
			"scale": [1.6, 1.6, 1.6]
		},
		"fixed": {
			"scale": [0, 0, 0]
		}
	}
}