{
	"credit": "Made with Blockbench",
	"textures": {
		"0": "item/misc/wizard_hat",
		"particle": "item/misc/wizard_hat"
	},
	"elements": [
		{
			"from": [0, 0, 0],
			"to": [16, 3, 16],
			"faces": {
				"north": {"uv": [0, 4, 4, 4.75], "texture": "#0"},
				"east": {"uv": [0, 4, 4, 4.75], "texture": "#0"},
				"south": {"uv": [0, 4, 4, 4.75], "texture": "#0"},
				"west": {"uv": [0, 4, 4, 4.75], "texture": "#0"},
				"up": {"uv": [0, 0, 4, 4], "texture": "#0"},
				"down": {"uv": [0, 0, 4, 4], "texture": "#0"}
			}
		},
		{
			"from": [4, 4.4, 3],
			"to": [12, 16.4, 10],
			"rotation": {"angle": 22.5, "axis": "x", "origin": [0, 0, 0]},
			"faces": {
				"north": {"uv": [5.75, 1.75, 7.75, 4.75], "texture": "#0"},
				"east": {"uv": [4, 1.75, 5.75, 4.75], "texture": "#0"},
				"south": {"uv": [9.5, 1.75, 11.5, 4.75], "texture": "#0"},
				"west": {"uv": [7.75, 1.75, 9.5, 4.75], "texture": "#0"},
				"up": {"uv": [5.75, 0, 7.75, 1.75], "texture": "#0"},
				"down": {"uv": [5.75, 1.75, 7.75, 4.75], "texture": "#0"}
			}
		},
		{
			"from": [6, 10.5, 15],
			"to": [10, 14.5, 20],
			"rotation": {"angle": 45, "axis": "x", "origin": [8, 13, 11]},
			"faces": {
				"north": {"uv": [0, 6, 1.25, 7], "texture": "#0"},
				"east": {"uv": [2.25, 6, 3.5, 7], "texture": "#0"},
				"south": {"uv": [1.25, 6, 2.25, 7], "texture": "#0"},
				"west": {"uv": [0, 6, 1.25, 7], "texture": "#0"},
				"up": {"uv": [1.25, 4.75, 2.25, 6], "texture": "#0"},
				"down": {"uv": [1.25, 7, 2.25, 8.25], "texture": "#0"}
			}
		}
	],
	"display": {
		"thirdperson_righthand": {
			"scale": [0.55, 0.55, 0.55]
		},
		"thirdperson_lefthand": {
			"scale": [0.55, 0.55, 0.55]
		},
		"firstperson_righthand": {
			"scale": [0.5, 0.5, 0.5]
		},
		"firstperson_lefthand": {
			"scale": [0.5, 0.5, 0.5]
		},
		"ground": {
			"translation": [0, 5, 0]
		},
		"gui": {
			"rotation": [0, -180, 0]
		},
		"head": {
			"translation": [0, 17, 0],
			"scale": [1.5, 1.5, 1.5]
		}
	}
}